City_ID,City,Lat,Lng,Max Temp,Humidity,Cloudiness,Wind Speed,Country,Date
0,castillos,-34.1667,-53.8333,16.91,67,15,2.56,UY,1696274915
1,adamstown,-25.066,-130.1015,20.03,75,61,11.32,PN,1696274916
2,marka,1.7159,44.7717,25.97,86,2,6.18,SO,1696274916
3,manpur,22.4333,75.6167,20.94,70,100,3.06,IN,1696274916
4,iskateley,67.6803,53.1512,3.9,78,90,9.39,RU,1696274917
5,pangody,65.85,74.4859,9.07,90,100,7.01,RU,1696274917
6,punta del este,-34.9667,-54.95,17.06,82,40,5.66,UY,1696274917
7,longyearbyen,78.2186,15.6401,-3.09,74,75,8.75,SJ,1696274918
8,st. john's,47.5649,-52.7093,15.08,84,20,2.06,CA,1696274740
9,ribeira grande,38.5167,-28.7,21.22,64,20,6.17,PT,1696274918
10,waitangi,-43.9535,-176.5597,11.57,87,97,1.79,NZ,1696274919
11,tell city,37.9514,-86.7678,29.95,40,0,2.06,US,1696274919
12,hermanus,-34.4187,19.2345,15.9,78,0,0.9,ZA,1696274919
13,riohacha,11.5444,-72.9072,33.06,66,20,5.14,CO,1696274630
14,duyun,26.2667,107.5167,20.56,97,7,1.51,CN,1696274920
15,camiri,-20.05,-63.5167,36.38,24,7,4.22,BO,1696274920
16,anadyr,64.75,177.4833,-3.72,100,0,4.0,RU,1696274921
17,dudinka,69.4058,86.1778,-1.32,96,100,10.28,RU,1696274921
18,paramonga,-10.6667,-77.8333,21.38,78,33,5.46,PE,1696274922
19,bethel,41.3712,-73.414,26.05,57,75,2.57,US,1696274922
20,udachny,66.4167,112.4,-6.95,94,11,2.58,RU,1696274922
21,nova sintra,14.8667,-24.7167,23.98,80,100,3.27,CV,1696274923
22,yellowknife,62.456,-114.3525,10.79,98,75,1.54,CA,1696274923
23,grytviken,-54.2811,-36.5092,2.67,97,100,5.79,GS,1696274923
24,port mathurin,-19.6833,63.4167,23.47,85,22,7.17,MU,1696274924
25,ushuaia,-54.8,-68.3,6.81,49,75,1.54,AR,1696274924
26,port-aux-francais,-49.35,70.2167,1.64,66,78,14.03,TF,1696274924
27,kodiak,57.79,-152.4072,7.73,53,0,8.75,US,1696274925
28,kovdor,67.5662,30.4758,1.04,74,100,1.8,RU,1696274925
29,blackmans bay,-43.0167,147.3167,13.07,57,100,4.85,AU,1696274926
30,port elizabeth,-33.918,25.5701,18.39,87,0,1.03,ZA,1696274768
31,acapulco de juarez,16.8634,-99.8901,31.9,70,75,3.6,MX,1696274794
32,new norfolk,-42.7826,147.0587,13.72,62,100,2.11,AU,1696274927
33,cam pha mines,21.0167,107.3,24.74,84,95,0.91,VN,1696274927
34,saipan,15.1355,145.701,28.39,89,40,4.12,MP,1696274927
35,albany,42.6001,-73.9662,25.81,49,54,1.34,US,1696274116
36,hamilton,39.1834,-84.5333,30.68,46,0,2.57,US,1696274810
37,tashtyp,52.7939,89.8983,3.2,90,12,1.16,RU,1696274928
38,san antonio de pale,-1.4014,5.6325,25.37,86,100,6.08,GQ,1696274929
39,edinburgh of the seven seas,-37.0676,-12.3116,9.69,55,29,10.89,SH,1696274929
40,bredasdorp,-34.5322,20.0403,14.28,70,0,1.29,ZA,1696274929
41,vadso,70.0744,29.7487,2.49,80,75,2.57,NO,1696274930
42,dingcheng,32.1272,115.0394,16.41,96,100,3.67,CN,1696274930
43,utrik,11.2278,169.8474,28.56,79,12,7.1,MH,1696274930
44,chonchi,-42.6128,-73.8092,11.56,70,100,0.48,CL,1696274931
45,ormara,25.2088,64.6357,27.66,76,0,5.56,PK,1696274931
46,remire-montjoly,4.9167,-52.2667,31.02,66,100,6.69,GF,1696274931
47,pyapon,16.2833,95.6833,24.23,95,100,0.77,MM,1696274932
48,shengli,37.4564,118.4856,19.43,55,100,1.64,CN,1696274932
49,nguigmi,14.2495,13.1092,28.29,46,99,10.75,NE,1696274932
50,coahuayana de hidalgo,18.7,-103.6583,32.83,64,64,2.67,MX,1696274933
51,jinghong,21.991,100.7341,21.58,99,22,0.62,CN,1696274933
52,san patricio,28.017,-97.5169,29.94,64,64,6.03,US,1696274933
53,atafu village,-8.5421,-172.5159,28.08,73,7,1.65,TK,1696274934
54,kenitra,34.261,-6.5802,21.42,77,99,2.49,MA,1696274934
55,el bolson,-41.9667,-71.5167,9.26,76,97,2.08,AR,1696274935
56,olonkinbyen,70.9221,-8.7187,2.45,97,100,7.45,SJ,1696274936
57,salinopolis,-0.6136,-47.3561,29.24,68,15,6.01,BR,1696274937
58,yinchuan,38.4681,106.2731,16.88,57,0,1.98,CN,1696274937
59,tiksi,71.6872,128.8694,-2.51,79,100,5.75,RU,1696274938
60,miri,4.4148,114.0089,25.08,94,20,1.03,MY,1696274938
61,thinadhoo,0.5333,72.9333,27.98,75,90,5.05,MV,1696274938
62,chernyshevsk,52.5243,117.0174,3.96,90,6,1.48,RU,1696274939
63,puerto natales,-51.7236,-72.4875,8.25,66,75,3.6,CL,1696274939
64,iacu,-12.7672,-40.2117,35.8,28,0,1.94,BR,1696274939
65,zelenoborskiy,66.845,32.3622,2.03,70,100,1.78,RU,1696274940
66,kuanda,56.3161,116.0806,-4.7,84,80,0.31,RU,1696274940
67,cavalaire-sur-mer,43.174,6.5272,23.4,69,13,0.45,FR,1696274940
68,bahia blanca,-38.7196,-62.2724,23.23,24,99,3.13,AR,1696274941
69,punta arenas,-53.15,-70.9167,9.06,57,100,4.63,CL,1696274941
70,vorkuta,67.5,64.0,3.06,96,100,7.45,RU,1696274849
71,smidovich,48.6,133.8167,6.53,86,12,1.19,RU,1696274942
72,masterton,-40.9597,175.6575,7.71,66,95,5.68,NZ,1696274942
73,ancud,-41.8697,-73.8203,9.79,59,72,3.3,CL,1696274943
74,altai,46.3722,96.2583,1.72,76,20,1.0,MN,1696274943
75,thompson,55.7435,-97.8558,6.09,87,100,1.54,CA,1696274944
76,isangel,-19.55,169.2667,23.06,73,75,2.06,VU,1696274944
77,west island,-12.1568,96.8225,24.99,73,40,9.26,CC,1696274945
78,erenhot,43.6475,111.9767,12.98,41,46,4.45,CN,1696274945
79,outjo,-20.1167,16.15,31.34,15,99,3.58,NA,1696274946
80,stanley,54.868,-1.6985,10.98,93,100,3.06,GB,1696274946
81,isafjordur,66.0755,-23.124,1.52,93,100,7.79,IS,1696274946
82,lebu,-37.6167,-73.65,10.81,83,100,4.82,CL,1696274947
83,iqaluit,63.7506,-68.5145,4.85,75,75,5.66,CA,1696274947
84,tommot,58.9564,126.2925,4.99,72,98,0.45,RU,1696274947
85,saint-pierre,-21.3393,55.4781,23.82,73,20,1.54,RE,1696274948
86,hawaiian paradise park,19.5933,-154.9731,26.61,85,100,1.54,US,1696274895
87,porirua,-41.1333,174.85,8.25,79,69,3.13,NZ,1696274948
88,mount isa,-20.7333,139.5,13.87,51,6,1.03,AU,1696274949
89,mae chai,19.346,99.814,22.6,97,45,0.88,TH,1696274949
90,taoudenni,22.6783,-3.9836,38.91,12,93,3.36,ML,1696274949
91,ust-nera,64.5667,143.2,-1.55,81,31,0.89,RU,1696274950
92,tomatlan,19.9333,-105.25,32.75,64,100,3.23,MX,1696274764
93,happy valley-goose bay,53.3168,-60.3315,12.17,43,75,6.69,CA,1696274951
94,maputo,-25.9653,32.5892,18.82,63,0,3.09,MZ,1696274658
95,talnakh,69.4865,88.3972,-1.55,94,100,8.34,RU,1696274952
96,mount pearl,47.5166,-52.7813,17.47,81,20,2.06,CA,1696274952
97,kingscliff,-28.2667,153.5667,17.89,72,3,3.6,AU,1696274953
98,port douglas,-16.4833,145.4667,22.44,87,38,3.59,AU,1696274953
99,richards bay,-28.783,32.0377,18.41,58,0,6.35,ZA,1696274869
100,avarua,-21.2078,-159.775,22.03,73,75,5.66,CK,1696274954
101,enewetak,11.3474,162.3373,28.87,79,100,6.79,MH,1696274954
102,puerto ayora,-0.7393,-90.3518,26.98,93,94,2.68,EC,1696274955
103,sitka,57.0531,-135.33,10.94,87,100,3.09,US,1696274955
104,port macquarie,-31.4333,152.9167,13.27,90,7,4.22,AU,1696274955
105,la'ie,21.6477,-157.9253,28.98,73,3,4.08,US,1696274956
106,xucheng,20.35,110.1288,26.09,88,34,2.49,CN,1696274956
107,abengourou,6.7297,-3.4964,23.31,98,100,1.54,CI,1696274956
108,bandarbeyla,9.4942,50.8122,26.43,87,18,5.74,SO,1696274957
109,marco island,25.9363,-81.7157,32.0,66,75,6.17,US,1696274957
110,invercargill,-46.4,168.35,2.79,93,19,1.79,NZ,1696274958
111,naja' hammadi,26.0495,32.2414,27.82,30,100,4.68,EG,1696274958
112,klyuchi,52.2667,79.1667,5.51,53,1,3.09,RU,1696274959
113,vorgashor,67.5833,63.95,2.99,96,100,7.82,RU,1696274959
114,hafar al-batin,28.4328,45.9708,33.32,17,0,5.14,SA,1696274960
115,nemuro,43.3236,145.575,13.86,70,38,10.19,JP,1696274960
116,yaren,-0.5472,166.916,28.65,77,97,5.68,NR,1696274961
117,pinsk,52.1229,26.0951,15.26,59,99,0.2,BY,1696274961
118,kapuskasing,49.4169,-82.4331,28.05,54,40,7.2,CA,1696274961
119,aginskoye,51.1,114.53,1.97,56,0,7.76,RU,1696274962
120,hailar,49.2,119.7,9.6,50,100,1.18,CN,1696274962
121,jutai,-5.1833,-68.9,34.44,46,100,0.13,BR,1696274962
122,carnarvon,-24.8667,113.6333,16.76,62,0,11.4,AU,1696274963
123,mahibadhoo,3.7833,72.9667,27.37,80,90,4.61,MV,1696274963
124,alice springs,-23.7,133.8833,27.75,21,7,4.63,AU,1696274963
125,taksimo,56.3444,114.8794,-0.72,70,82,0.89,RU,1696274964
126,naze,28.3667,129.4833,26.51,81,87,8.93,JP,1696274964
127,la ronge,55.1001,-105.2842,7.14,81,100,4.63,CA,1696274964
128,libreville,0.3925,9.4537,27.01,89,40,4.63,GA,1696274801
129,tazovsky,67.4667,78.7,7.51,96,100,7.54,RU,1696274965
130,ilulissat,69.2167,-51.1,0.01,43,0,3.09,GL,1696274965
131,whitehorse,60.7161,-135.0538,7.83,78,75,4.63,CA,1696274966
132,margaret river,-33.95,115.0667,12.88,66,100,7.92,AU,1696274966
133,san pedro pochutla,15.7333,-96.4667,31.84,57,78,3.25,MX,1696274818
134,codrington,-38.2667,141.9667,13.86,92,98,4.69,AU,1696274967
135,chagoda,59.164,35.3285,9.03,88,99,0.94,RU,1696274967
136,nuuk,64.1835,-51.7216,4.34,75,75,2.06,GL,1696274967
137,rio grande,-32.035,-52.0986,21.06,71,0,3.47,BR,1696274721
138,ciudad bolivar,8.1222,-63.5497,35.21,44,100,1.74,VE,1696274887
139,nabire,-3.3667,135.4833,24.24,92,100,0.72,ID,1696274968
140,vilyuchinsk,52.9306,158.4028,8.85,93,100,9.71,RU,1696274969
141,aripuana,-9.1667,-60.6333,41.27,19,82,1.64,BR,1696274969
142,porto novo,6.4965,2.6036,26.24,85,58,2.82,BJ,1696274926
143,nenjiang,49.1833,125.2167,8.75,65,100,2.91,CN,1696274970
144,staryy oskol,51.2967,37.8417,13.68,50,99,3.58,RU,1696274970
145,carrizal,10.3499,-66.9863,25.67,58,99,1.54,VE,1696274971
146,touros,-5.1989,-35.4608,27.08,70,99,6.64,BR,1696274971
147,motueka,-41.1333,173.0167,7.28,81,10,2.91,NZ,1696274971
148,tchibanga,-2.85,11.0333,23.55,87,63,2.22,GA,1696274972
149,kenai,60.5544,-151.2583,7.03,90,100,2.06,US,1696274972
150,yangchun,22.1667,111.7833,24.89,96,63,0.47,CN,1696274972
151,bamboo flat,11.7,92.7167,26.05,94,75,0.51,IN,1696274973
152,nouadhibou,20.931,-17.0347,23.99,64,0,6.17,MR,1696274973
153,palmer,42.1584,-72.3287,24.34,50,40,1.54,US,1696274936
154,road town,18.4167,-64.6167,31.05,84,75,2.57,VG,1696274939
155,badger,64.8,-147.5333,1.93,94,100,3.6,US,1696274974
156,uacu cungo,-11.3634,15.1208,24.46,54,76,1.98,AO,1696274975
157,moussoro,13.6408,16.4901,35.81,22,13,0.99,TD,1696274714
158,axim,4.8699,-2.2405,25.32,90,56,3.98,GH,1696274975
159,shingu,33.7333,135.9833,15.9,69,73,2.67,JP,1696274975
160,guixi,28.2886,117.2133,20.81,85,1,2.18,CN,1696274976
161,holualoa,19.6228,-155.9522,26.42,79,40,3.09,US,1696274976
162,nagqu,31.5,92.0,3.95,89,99,1.42,CN,1696274976
163,petropavlovsk-kamchatsky,53.0452,158.6483,8.03,92,100,6.71,RU,1696274977
164,porto velho,-8.7619,-63.9039,37.03,39,40,2.06,BR,1696274911
165,port lincoln,-34.7333,135.8667,13.29,71,64,4.48,AU,1696274978
166,saint-philippe,-21.3585,55.7679,23.77,82,48,2.2,RE,1696274978
167,cunha,-23.0744,-44.9597,21.41,94,99,1.96,BR,1696274978
168,kimbo,10.4,-13.55,26.93,93,100,1.23,GN,1696274979
169,port blair,11.6667,92.75,26.02,94,75,0.51,IN,1696274870
170,werribee,-37.9,144.6667,20.93,68,100,7.99,AU,1696274980
171,san ignacio,17.1561,-89.0714,33.08,66,75,3.09,BZ,1696274982
172,georgetown,5.4112,100.3354,26.96,92,20,1.03,MY,1696274814
173,vetluga,57.8557,45.781,11.27,78,100,1.75,RU,1696274983
174,pithoragarh,29.5833,80.2167,14.75,95,0,1.16,IN,1696274983
175,mil'kovo,55.6078,37.7956,11.27,65,66,2.74,RU,1696274984
176,mocorito,25.4833,-107.9167,35.12,40,46,1.85,MX,1696274984
177,sur,22.5667,59.5289,29.7,57,28,2.09,OM,1696274984
178,kitaibaraki,36.7833,140.75,15.64,63,39,2.57,JP,1696274985
179,lanxi,29.2195,119.477,18.66,86,10,1.24,CN,1696274985
180,susuman,62.7833,148.1667,-1.68,82,7,1.34,RU,1696274985
181,san lawrenz,36.0553,14.204,22.7,72,0,0.96,MT,1696274986
182,lihue,21.9789,-159.3672,27.58,78,20,3.09,US,1696274986
183,bridgewater,44.3835,-64.5155,23.39,42,0,2.24,CA,1696274986
184,prince rupert,54.3161,-130.3201,13.05,87,100,3.09,CA,1696274798
185,kalaoa,19.7286,-155.9817,25.62,78,40,3.09,US,1696274987
186,ulsteinvik,62.3432,5.8487,13.2,82,100,4.47,NO,1696274987
187,weno,7.4515,151.8468,24.97,94,100,0.0,FM,1696274988
188,smolensk,55.0,33.0,8.14,81,63,1.42,RU,1696274988
189,aasiaat,68.7098,-52.8699,-3.21,66,0,4.61,GL,1696274988
190,patterson,37.4716,-121.1297,24.3,38,13,2.6,US,1696274989
191,chojnice,53.6955,17.557,17.19,77,100,2.83,PL,1696274989
192,colonia,50.9333,6.95,21.65,63,0,3.09,DE,1696274989
193,raja sansi,31.7192,74.7978,25.92,88,0,0.0,IN,1696274990
194,kailua-kona,19.6406,-155.9956,28.49,78,40,3.09,US,1696274990
195,brookings,44.3114,-96.7984,32.19,45,0,9.93,US,1696274990
196,ljusdal,61.8288,16.0913,7.91,91,92,1.14,SE,1696274991
197,novyy urengoy,66.0833,76.6333,9.01,91,100,7.9,RU,1696274991
198,janeng,-25.4167,25.55,18.8,39,0,5.22,BW,1696274991
199,chibougamau,49.9168,-74.3659,16.79,72,100,6.17,CA,1696274992
200,taldykorgan,45.0156,78.3739,15.84,41,100,1.22,KZ,1696274992
201,hithadhoo,-0.6,73.0833,27.9,74,9,5.97,MV,1696274992
202,okahandja,-21.9833,16.9167,26.91,13,88,2.5,NA,1696274993
203,plastun,44.7561,136.2939,13.94,75,8,2.92,RU,1696274993
204,keene,42.9337,-72.2781,25.23,56,0,0.89,US,1696274993
205,rongelap,11.1635,166.8941,28.63,78,100,4.81,MH,1696274994
206,inarajan village,13.2736,144.7484,26.89,95,95,5.9,GU,1696274994
207,tandil,-37.3217,-59.1332,18.16,41,97,5.14,AR,1696274994
208,tazacorte,28.629,-17.9293,24.54,83,40,3.6,ES,1696274995
209,papatowai,-46.5619,169.4708,3.57,75,14,2.84,NZ,1696274995
210,fortuna,40.5982,-124.1573,19.4,67,0,0.89,US,1696274995
211,mansehra,34.3333,73.2,16.39,43,0,2.27,PK,1696274996
212,gobabis,-22.45,18.9667,25.46,17,93,4.85,NA,1696274996
213,san juan bautista,-14.0108,-75.7358,30.19,40,22,4.76,PE,1696274996
214,belomorsk,64.5232,34.7668,6.25,81,95,2.56,RU,1696274997
215,onega,63.9061,38.1404,4.55,91,14,2.07,RU,1696274997
216,griffith,41.5284,-87.4237,31.72,46,0,4.12,US,1696274997
217,college,64.8569,-147.8028,1.97,92,100,3.6,US,1696274998
218,portland,45.5234,-122.6762,15.99,75,100,3.09,US,1696274493
219,cole harbour,44.6724,-63.4751,22.21,42,0,3.13,CA,1696274998
220,ibshaway,29.358,30.6814,26.23,42,100,4.74,EG,1696274999
221,tralee,52.2704,-9.7026,11.19,92,46,2.43,IE,1696274999
222,flin flon,54.7682,-101.865,6.91,87,100,2.06,CA,1696275000
223,hilo,19.7297,-155.09,27.57,84,100,1.54,US,1696274730
224,puerto madryn,-42.7692,-65.0385,14.57,41,100,7.48,AR,1696274962
225,akureyri,65.6835,-18.0878,4.96,81,100,6.69,IS,1696275000
226,turpan,42.9333,89.1667,22.14,29,47,1.05,CN,1696275001
227,macapa,0.0389,-51.0664,33.99,52,20,7.2,BR,1696275001
228,arteche,12.2645,125.4048,26.37,87,100,2.28,PH,1696275002
229,muntok,-2.0667,105.1833,26.1,79,100,3.87,ID,1696275003
230,nelson bay,-32.7167,152.15,17.22,98,0,1.34,AU,1696275003
231,manokwari,-0.8667,134.0833,25.68,81,100,1.26,ID,1696275004
232,port saint john's,-31.6229,29.5448,17.8,77,0,6.58,ZA,1696275004
233,fisterra,42.9049,-9.2629,21.12,91,100,3.93,ES,1696275005
234,poso,-1.3959,120.7524,24.88,84,64,1.66,ID,1696275005
235,pimenta bueno,-11.6725,-61.1936,39.85,21,100,2.71,BR,1696275006
236,caluula,11.9661,50.7569,28.0,72,2,2.05,SO,1696275006
237,grootfontein,-19.5667,18.1167,24.76,29,51,1.03,NA,1696275007
238,midvagur,62.0511,-7.1939,10.46,93,75,8.23,FO,1696275007
239,colares,38.7992,-9.4469,22.64,76,20,6.71,PT,1696275009
240,imam qasim,32.298,44.6828,31.03,30,69,5.6,IQ,1696275009
241,praia da vitoria,38.7333,-27.0667,21.14,73,20,4.93,PT,1696275010
242,scottburgh,-30.2867,30.7532,18.01,71,0,9.31,ZA,1696275010
243,njombe,-9.3333,34.7667,15.91,51,52,4.89,TZ,1696275011
244,kupang,-10.1667,123.5833,25.32,78,6,2.06,ID,1696275011
245,buala,-8.145,159.5921,27.15,85,100,2.6,SB,1696275011
246,cockburn town,21.4612,-71.1419,30.98,58,40,5.14,TC,1696275012
247,andergrove,-21.0833,149.1833,19.8,85,28,4.97,AU,1696274877
248,sisimiut,66.9395,-53.6735,2.51,68,82,1.17,GL,1696275013
249,yallahs,17.8748,-76.5624,33.85,73,92,1.93,JM,1696275013
250,traverse city,44.7631,-85.6206,30.04,46,40,4.12,US,1696274886
251,port augusta,-32.5,137.7667,15.79,82,59,4.8,AU,1696275015
252,mo i rana,66.3128,14.1428,7.4,91,75,1.03,NO,1696275015
253,mar del plata,-38.0023,-57.5575,15.85,83,0,5.66,AR,1696275016
254,dunedin,-45.8742,170.5036,7.11,72,10,0.45,NZ,1696275016
255,ghardaia,32.4909,3.6735,26.64,34,0,2.57,DZ,1696275017
256,goba,7.0167,39.9833,11.68,84,98,1.62,ET,1696275017
257,yuzhno-kurilsk,44.0306,145.8556,14.65,74,24,7.27,RU,1696275017
258,crane,31.3974,-102.3501,30.92,41,54,8.7,US,1696275018
259,tucuma,-0.1833,-50.05,31.03,58,69,5.1,BR,1696275018
260,seydi,39.4816,62.9137,18.03,31,0,4.4,TM,1696275018
261,kingston,17.997,-76.7936,33.53,67,40,4.63,JM,1696274555
262,dhalie,13.6957,44.7314,21.52,74,0,1.32,YE,1696275019
263,dorado,18.4588,-66.2677,32.32,75,40,3.6,PR,1696275020
264,constantia,44.1833,28.65,15.39,46,0,4.87,RO,1696274800
265,hasaki,35.7333,140.8333,15.22,52,99,4.38,JP,1696275020
266,blenheim,-41.516,173.9528,4.74,69,0,2.43,NZ,1696274751
267,coquimbo,-29.9533,-71.3436,17.85,59,20,6.17,CL,1696275021
268,sanctuary point,-35.1114,150.629,17.96,74,82,2.75,AU,1696275021
269,akjoujt,19.6969,-14.4164,36.2,11,3,3.37,MR,1696275021
270,bilibino,68.0546,166.4372,-8.36,97,100,0.83,RU,1696275022
271,kota kinabalu,5.9749,116.0724,24.99,83,20,3.13,MY,1696275022
272,malango,-2.9627,119.9001,18.45,96,90,0.74,ID,1696275023
273,nangong,37.3581,115.3744,16.02,66,69,2.28,CN,1696275023
274,novodvinsk,64.4165,40.8122,3.21,84,27,1.64,RU,1696275023
275,jamestown,42.097,-79.2353,27.79,52,75,1.54,US,1696274734
276,cabo san lucas,22.8909,-109.9124,35.34,62,0,6.69,MX,1696274916
277,daru,-9.0763,143.2092,24.4,90,62,4.79,PG,1696275018
278,tosontsengel,48.7567,98.2839,-1.88,89,12,1.36,MN,1696275025
279,lop buri,14.7981,100.654,27.46,93,100,0.95,TH,1696275025
280,saldanha,-33.0117,17.9442,15.58,85,0,6.75,ZA,1696275026
281,zaozersk,69.4005,32.4476,1.77,76,100,2.71,RU,1696275026
282,zarichne,51.8126,26.129,15.2,58,100,1.39,UA,1696275026
283,sinabang,2.4803,96.3801,26.48,77,98,4.91,ID,1696275027
284,lerwick,60.1545,-1.1494,12.0,83,4,9.02,GB,1696275027
285,krasnokholmskiy,55.9873,55.0466,16.24,62,100,3.9,RU,1696275027
286,khamis mushait,18.3064,42.7292,22.58,11,0,5.66,SA,1696275028
287,wynyard,-41.0,145.7167,11.28,98,100,1.81,AU,1696275028
288,afaahiti,-17.75,-149.2833,24.93,87,73,7.22,PF,1696275029
289,pacific grove,36.6177,-121.9166,21.23,80,0,2.68,US,1696275029
290,duindorp,52.0901,4.258,19.95,89,84,2.06,NL,1696275030
291,sandnessjoen,66.0217,12.6316,9.12,87,75,4.63,NO,1696275030
292,kashgar,39.4547,75.9797,18.56,34,0,5.0,CN,1696275031
293,berdigestyakh,62.0989,126.6992,4.05,77,100,0.45,RU,1696275031
294,svetlyy,54.675,20.1347,17.98,55,100,5.56,RU,1696275032
295,kourou,5.1552,-52.6478,31.03,69,59,5.51,GF,1696275032
296,negreira,42.904,-8.7427,20.66,85,93,1.79,ES,1696275032
297,at taj,24.2049,23.2857,25.9,31,100,3.64,LY,1696275033
298,shalqar,47.8333,59.6,14.54,47,11,3.08,KZ,1696275033
299,uvalde,29.3669,-99.767,28.96,89,100,3.6,US,1696275034
300,mingora,34.7758,72.3625,17.97,49,0,2.43,PK,1696274883
301,paragominas,-2.9667,-47.4833,35.51,31,100,1.36,BR,1696275035
302,choyr,46.3611,108.3611,4.18,73,16,2.71,MN,1696275036
303,aroma,15.8167,36.1333,33.87,16,0,5.01,SD,1696275036
304,polyarnyy,69.1989,33.4478,2.38,73,100,3.8,RU,1696275037
305,harar,9.3094,42.1258,19.33,60,71,1.27,ET,1696274991
306,barranco de loba,8.946,-74.1065,32.97,60,100,2.19,CO,1696275038
307,pades,45.0167,22.85,13.25,58,9,1.9,RO,1696275038
308,pisco,-13.7,-76.2167,23.03,64,0,4.63,PE,1696275039
309,gaspe,48.8334,-64.4819,18.12,52,75,4.63,CA,1696275039
310,kapa'a,22.0752,-159.319,27.99,81,20,3.09,US,1696275040
311,miramichi,47.0043,-65.4654,21.51,50,3,1.98,CA,1696275040
312,nishifukuma,33.7667,130.4667,18.0,61,100,4.09,JP,1696275041
313,fale old settlement,-9.3852,-171.2468,28.01,75,24,3.97,TK,1696275041
314,kolno,53.4115,21.9291,16.69,74,100,3.53,PL,1696275041
315,gadzhiyevo,69.2551,33.3362,2.07,73,100,3.77,RU,1696275042
316,mount gambier,-37.8333,140.7667,12.13,82,83,3.54,AU,1696275042
317,iquique,-20.2208,-70.1431,19.02,76,93,3.41,CL,1696275042
318,sirte,31.2089,16.5887,24.53,64,1,6.23,LY,1696275043
319,pandan,14.0453,124.1694,27.95,80,100,6.08,PH,1696275043
320,sarakhs,36.5449,61.1577,22.08,19,80,3.33,IR,1696275044
321,dolores,-36.3132,-57.6792,15.74,58,78,5.1,AR,1696275044
322,yuci,37.6803,112.7319,9.86,81,3,2.0,CN,1696275044
323,geraldton,-28.7667,114.6,14.23,72,100,3.6,AU,1696275045
324,ilhabela,-23.7781,-45.3581,20.02,85,100,2.06,BR,1696275045
325,patna,25.6,85.1167,28.96,100,75,2.57,IN,1696275045
326,vilcun,-38.65,-72.2333,11.41,89,71,2.01,CL,1696275046
327,wailua homesteads,22.0669,-159.378,27.24,81,20,3.09,US,1696275046
328,rumoi,43.9344,141.6428,13.89,76,100,9.62,JP,1696275046
329,dul'durga,50.6761,113.5931,0.29,62,6,3.5,RU,1696275047
330,pueblo,38.2545,-104.6091,27.69,39,75,3.09,US,1696274823
331,buka,40.8108,69.1986,15.29,31,2,1.31,UZ,1696275048
332,la sarre,48.8002,-79.1996,22.74,69,100,5.38,CA,1696274758
333,sinan,34.8262,126.1086,15.06,60,100,4.84,KR,1696275048
334,northam,51.0333,-4.2167,16.48,98,100,8.69,GB,1696275049
335,pass christian,30.3158,-89.2475,31.18,54,0,7.2,US,1696275049
336,labrador city,52.9463,-66.9114,9.95,43,75,4.12,CA,1696275012
337,aksu,41.1231,80.2644,18.4,40,69,4.13,CN,1696274795
338,necochea,-38.5473,-58.7368,16.78,62,100,5.33,AR,1696275050
339,nikolayevsk-on-amure,53.1406,140.73,8.16,98,100,2.25,RU,1696275050
340,laojunmiao,39.8333,97.7333,11.74,39,96,1.65,CN,1696275051
341,ruteng,-8.6136,120.4721,16.13,91,52,1.01,ID,1696275051
342,kratie,12.4881,106.0188,24.15,99,100,1.25,KH,1696275051
343,puerto princesa,9.7392,118.7353,26.15,85,87,1.73,PH,1696275052
344,tyazhinskiy,56.116,88.524,4.52,75,67,3.43,RU,1696275052
345,araripina,-7.5761,-40.4983,34.09,16,92,3.62,BR,1696275052
346,la passe,45.5549,-0.8967,25.13,93,7,3.91,FR,1696275053
347,balkanabat,39.5108,54.3671,23.68,22,19,6.68,TM,1696275053
348,ivankiv,50.9386,29.8943,10.31,71,23,2.45,UA,1696275053
349,orkney,-26.9802,26.6727,18.42,40,0,4.42,ZA,1696275054
350,qaqortoq,60.7167,-46.0333,5.94,53,100,1.44,GL,1696275054
351,tilcara,-23.5776,-65.3509,20.12,20,0,2.79,AR,1696275054
352,callao,-12.0667,-77.15,22.16,68,0,5.66,PE,1696275055
353,kayangel,8.0823,134.7173,28.29,75,13,2.39,PW,1696275055
354,uturoa,-16.7333,-151.4333,26.09,81,1,6.72,PF,1696275056
355,gejiu,23.306,103.1635,13.48,97,61,0.84,CN,1696275056
356,tsiombe,-25.3,45.4833,18.64,65,100,5.23,MG,1696275057
357,antofagasta,-23.65,-70.4,16.6,73,45,4.62,CL,1696275057
358,el calafate,-50.3408,-72.2768,6.87,60,10,2.12,AR,1696275058
359,taulaga,-11.0553,-171.0883,27.64,77,99,7.55,AS,1696275058
360,namsos,64.4662,11.4957,11.03,87,75,1.03,NO,1696275059
361,lagos,6.5833,3.75,25.65,88,66,1.88,NG,1696274783
362,guerrero negro,27.9769,-114.0611,21.83,51,0,7.52,MX,1696275028
363,nova vicosa,-17.8919,-39.3719,25.87,79,95,5.66,BR,1696275060
364,bikenibeu village,1.3673,173.1241,28.98,74,20,1.03,KI,1696275060
365,keflavik,64.0049,-22.5624,7.95,75,75,9.77,IS,1696275061
366,otacilio costa,-27.4831,-50.1219,22.09,52,3,0.97,BR,1696275061
367,tucurui,-3.7661,-49.6725,38.42,26,96,1.45,BR,1696274766
368,zaterechnyy,44.7931,45.2097,18.19,59,100,5.23,RU,1696275062
369,erding,48.306,11.9069,16.09,92,0,0.51,DE,1696275062
370,dubovskoye,47.4092,42.7575,16.47,44,93,2.91,RU,1696275062
371,puerto baquerizo moreno,-0.9,-89.6,27.55,69,40,7.72,EC,1696275063
372,belel,7.05,14.4333,17.82,91,100,0.93,CM,1696275063
373,usinsk,65.9939,57.5281,6.15,79,98,10.28,RU,1696275064
374,itamaraca,-7.7478,-34.8256,28.03,70,46,3.78,BR,1696275064
375,ubari,26.5921,12.7805,26.43,41,1,6.51,LY,1696275065
376,hakui,36.8833,136.7833,15.68,71,16,2.28,JP,1696275065
377,dashitou,43.3067,128.5114,6.46,86,15,1.63,CN,1696275065
378,jindabyne,-36.4167,148.6333,18.99,44,41,6.77,AU,1696275066
379,kanggye,40.9695,126.5852,11.49,71,100,1.53,KP,1696275066
380,bubaque,11.2833,-15.8333,28.73,79,34,2.91,GW,1696275067
381,east london,-33.0153,27.9116,19.01,76,0,7.89,ZA,1696274803
382,kaa-khem,51.6833,94.7333,6.34,59,61,1.9,RU,1696274828
383,petropavlovka,50.6114,105.3196,2.39,62,68,0.91,RU,1696275068
384,tolanaro,-25.0319,46.9987,19.04,82,75,5.14,MG,1696275068
385,neryungri,56.6709,124.6491,1.25,93,100,3.19,RU,1696275068
386,strezhevoy,60.7333,77.5889,9.42,83,100,4.47,RU,1696275069
387,tanabi,-20.6264,-49.6492,32.12,53,67,0.66,BR,1696275069
388,puerto armuelles,8.2833,-82.8667,32.99,72,97,0.45,PA,1696275069
389,sao joao da barra,-21.6403,-41.0511,24.05,90,86,4.35,BR,1696275070
390,tura,25.5198,90.2201,23.46,97,100,2.5,IN,1696275070
391,squamish,49.7014,-123.1512,13.35,93,100,1.03,CA,1696275070
392,puerto carreno,6.189,-67.4859,32.99,58,40,4.12,CO,1696275071
393,xichang,27.8964,102.2634,19.55,92,64,0.59,CN,1696275071
394,okhotsk,59.3833,143.3,6.18,77,12,4.12,RU,1696275072
395,yigo village,13.5361,144.8886,25.97,90,75,2.06,GU,1696275072
396,dryden,49.7833,-92.7503,27.16,47,0,4.12,CA,1696275072
397,cill airne,52.05,-9.5167,10.04,95,9,2.07,IE,1696275073
398,arar,30.9753,41.0381,26.01,27,0,3.09,SA,1696275073
399,little elm,33.1626,-96.9375,34.15,40,59,3.13,US,1696274845
400,pemangkat,1.1667,108.9667,25.38,86,95,3.08,ID,1696275074
401,morant bay,17.8815,-76.4093,33.79,75,94,2.1,JM,1696275074
402,el granada,37.5027,-122.4694,25.52,70,40,2.24,US,1696275075
403,sao vicente,-23.9631,-46.3919,24.1,62,100,1.03,BR,1696275075
404,umm al quwain city,25.5647,55.5552,33.01,62,0,1.65,AE,1696275075
405,kavaratti,10.5669,72.642,27.88,77,100,3.94,IN,1696275076
406,natal,-5.795,-35.2094,28.36,69,20,6.69,BR,1696274937
407,aitape,-3.1374,142.3475,24.84,90,100,2.47,PG,1696275076
408,lagoa,39.05,-27.9833,19.66,66,5,5.44,PT,1696275077
409,awjilah,29.1081,21.2869,24.28,46,15,5.95,LY,1696275077
410,howrah,22.5892,88.3103,27.0,89,40,3.09,IN,1696275078
411,ulladulla,-35.35,150.4667,18.48,64,100,3.26,AU,1696275078
412,port alfred,-33.5906,26.891,17.32,89,0,0.45,ZA,1696275078
413,malabo,3.75,8.7833,25.92,94,20,2.57,GQ,1696275079
414,petrovsk,52.3064,45.3917,13.07,52,100,2.44,RU,1696275079
415,acarau,-2.8856,-40.12,28.05,72,95,8.07,BR,1696275080
416,horta,38.5333,-28.6333,20.8,73,20,6.17,PT,1696275080
417,tofol,5.3248,163.0078,28.55,70,11,0.95,FM,1696275081
418,bure,10.7,37.0667,13.41,89,81,2.09,ET,1696275081
419,namdrik,5.5994,168.1028,28.87,71,9,1.27,MH,1696275082
420,rio guayabal de yateras,20.3667,-75.0167,29.75,60,64,1.12,CU,1696275082
421,salekhard,66.53,66.6019,8.92,79,100,4.47,RU,1696275032
422,tadine,-21.55,167.8833,21.52,71,100,8.59,NC,1696275083
423,ginir,7.1333,40.7,16.72,78,100,2.34,ET,1696275083
424,nar'yan-mar,67.6713,53.087,3.95,78,87,9.39,RU,1696274828
425,shushenskoye,53.325,91.9356,7.17,73,22,1.2,RU,1696275084
426,lulea,65.5842,22.1547,7.04,93,100,0.51,SE,1696275084
427,tolbazy,54.0241,55.8825,11.74,62,100,3.08,RU,1696275085
428,cidreira,-30.1811,-50.2056,15.66,63,5,3.42,BR,1696275085
429,alofi,-19.0595,-169.9187,21.94,68,75,7.72,NU,1696275085
430,zuunmod,47.7069,106.9528,-5.43,86,99,2.08,MN,1696275086
431,chitungwiza,-18.0127,31.0756,13.85,85,0,3.62,ZW,1696275086
432,floro,61.5996,5.0328,12.98,82,40,6.69,NO,1696275086
433,bismil,37.8486,40.6658,18.06,55,92,2.11,TR,1696275087
434,thunder bay,48.4001,-89.3168,29.99,45,75,2.57,CA,1696275087
435,salmon arm,50.6998,-119.3024,13.62,67,97,0.51,CA,1696275088
436,fort st. john,56.2499,-120.8529,12.94,54,75,8.75,CA,1696274905
437,salinas,36.6777,-121.6555,23.65,72,20,2.24,US,1696275004
438,ankang,32.68,109.0172,14.95,95,98,0.52,CN,1696275089
439,charters towers,-20.1,146.2667,16.56,97,30,3.08,AU,1696275089
440,pathein,16.7833,94.7333,24.13,96,100,1.45,MM,1696275089
441,gambiran satu,-8.3939,114.1464,20.69,96,99,0.69,ID,1696275090
442,tutoia,-2.7619,-42.2744,27.46,79,100,5.57,BR,1696275090
443,mandera,3.9366,41.867,31.69,36,12,5.02,KE,1696275091
444,ra's bayrut,33.9,35.4833,25.81,61,75,4.12,LB,1696275091
445,san julian,21.0167,-102.1667,26.78,26,91,2.17,MX,1696275091
446,inhambane,-23.865,35.3833,19.76,61,45,3.97,MZ,1696275092
447,haiku-pauwela,20.9219,-156.3051,28.43,60,20,3.09,US,1696275092
448,nyagan,62.1406,65.3936,13.56,69,19,5.06,RU,1696274839
449,niwari,28.8833,77.5333,23.4,30,0,2.4,IN,1696275093
450,yamada,39.4667,141.95,13.6,74,0,2.03,JP,1696275093
451,pointe michel,15.25,-61.3833,28.52,100,75,2.06,DM,1696275093
452,faya-largeau,17.9257,19.1043,32.79,21,44,12.96,TD,1696275094
453,mawlaik,23.6333,94.4167,24.19,99,91,0.18,MM,1696275094
454,santander,43.4647,-3.8044,20.81,90,40,2.57,ES,1696275094
455,barcelos,41.5388,-8.6151,21.58,90,72,0.47,PT,1696275095
456,kachia,9.8667,7.95,21.86,94,100,1.82,NG,1696275095
457,morehead city,34.7229,-76.726,27.02,63,0,2.68,US,1696275095
458,birjand,32.8663,59.2211,17.26,16,0,2.06,IR,1696275096
459,yulinshi,38.2906,109.7494,9.6,83,0,0.83,CN,1696275096
460,khandyga,62.6667,135.6,5.44,88,100,1.11,RU,1696275097
461,kapit,2.0167,112.9333,22.69,97,93,0.52,MY,1696275097
462,rocky mountain house,52.3668,-114.9188,14.06,54,100,1.03,CA,1696275098
463,lorengau,-2.0226,147.2712,26.6,82,98,3.05,PG,1696275098
464,santa cecilia,-26.9608,-50.4269,21.7,58,5,1.75,BR,1696275098
465,beira,-19.8436,34.8389,22.05,78,40,7.2,MZ,1696275099
466,bada,51.392,109.8717,-0.82,77,22,1.98,RU,1696275099
467,millom,54.2107,-3.272,13.82,91,100,2.06,GB,1696275099
468,alpena,45.0617,-83.4327,31.14,51,0,3.09,US,1696274805
469,ketchikan,55.3422,-131.6461,12.26,94,100,6.69,US,1696275025
470,san mariano,7.5,126.0,22.98,91,98,0.93,PH,1696275100
471,woolgoolga,-30.1106,153.2007,13.91,86,3,4.45,AU,1696275101
472,estrela,-28.0611,-50.9383,18.33,63,0,2.13,BR,1696275101
473,greymouth,-42.4667,171.2,6.19,75,0,4.05,NZ,1696275101
474,kerikeri,-35.2268,173.9474,11.06,93,19,3.54,NZ,1696275102
475,manadhoo,5.7667,73.3833,27.06,81,95,6.25,MV,1696275103
476,trogir,43.5125,16.2517,21.55,77,0,1.54,HR,1696275104
477,nosy varika,-20.5833,48.5333,21.83,94,53,5.32,MG,1696275104
478,lazaro cardenas,17.9583,-102.2,30.63,72,96,3.69,MX,1696275104
479,yemetsk,63.4721,41.7941,3.01,91,12,1.04,RU,1696275105
480,twon-brass,4.3151,6.2418,27.15,81,74,4.6,NG,1696275105
481,al mijlad,11.0333,27.7333,25.58,78,99,10.35,SD,1696275106
482,santiago de cao,-7.9589,-79.2392,22.07,73,40,5.66,PE,1696275106
483,huamachuco,-7.8,-78.0667,17.9,48,100,1.5,PE,1696275107
484,hirado,33.3597,129.5531,17.99,60,99,5.84,JP,1696275107
485,rosarito,32.3333,-117.0333,23.84,59,0,4.42,MX,1696275005
486,kragero,58.8693,9.4149,12.47,71,100,5.32,NO,1696275108
487,ixtapa,20.7,-105.2,32.35,74,75,5.14,MX,1696275108
488,wau,7.7029,27.9953,22.16,95,100,2.13,SS,1696275006
489,yung shue wan,22.2333,114.1167,28.71,80,93,3.66,HK,1696275109
490,mariehamn,60.0973,19.9348,14.34,94,20,3.6,AX,1696274981
491,howard springs,-12.497,131.047,25.95,84,39,1.44,AU,1696275109
492,sarmiento,-45.5882,-69.07,13.14,35,7,4.15,AR,1696275110
493,tibanbang,6.6315,126.1055,27.23,80,70,1.44,PH,1696275110
494,kumagunnam,13.1551,10.6342,26.67,53,88,3.06,NG,1696275110
495,cardenas,23.0375,-81.2047,31.42,69,57,4.94,CU,1696275111
496,prado,-17.3411,-39.2208,25.03,86,100,4.7,BR,1696275111
497,tandalti,13.0167,31.8667,33.85,34,6,4.29,SD,1696275111
498,mccook,40.2019,-100.6257,31.25,40,0,10.29,US,1696275112
499,flying fish cove,-10.4217,105.6791,23.82,78,75,5.66,CX,1696275112
500,ambalangoda,6.2355,80.0538,25.35,86,100,1.24,LK,1696275113
501,tocopilla,-22.092,-70.1979,19.85,73,25,5.39,CL,1696275036
502,harstad,68.799,16.5293,5.69,98,100,2.68,NO,1696275113
503,inirida,3.8653,-67.9239,34.62,46,100,1.51,CO,1696274820
504,asaita,11.5636,41.4394,33.76,34,0,4.07,ET,1696275114
505,crucecita,-28.95,-58.9833,25.46,32,0,4.41,AR,1696275114
506,fada,9.5667,8.3,21.39,95,100,1.9,NG,1696275115
507,fort collins,40.5853,-105.0844,27.47,41,0,5.66,US,1696275021
508,burabay,53.0838,70.3138,6.53,54,0,1.55,KZ,1696275115
509,dapa,9.7594,126.0531,27.34,80,99,2.92,PH,1696275116
510,neiafu,-18.65,-173.9833,23.38,68,75,5.14,TO,1696275116
511,sittwe,20.15,92.9,25.85,89,92,3.54,MM,1696275116
512,shanhaiguan,39.9988,119.7564,16.12,63,100,3.59,CN,1696275117
513,gebeit,21.0667,36.3167,28.46,50,0,2.51,SD,1696275117
514,danielskuil,-28.1887,23.5395,22.17,27,0,4.41,ZA,1696275117
515,al ghayzah,16.2079,52.176,26.48,78,1,2.26,YE,1696275118
516,timimoun,29.2639,0.231,29.21,20,0,4.63,DZ,1696275118
517,kabansk,52.0486,106.6528,2.53,76,79,1.53,RU,1696275119
518,palikir - national government center,6.9248,158.1611,28.49,71,23,0.76,FM,1696275119
519,solwezi,-12.1688,26.3894,25.49,28,6,5.47,ZM,1696275119
520,topolobampo,25.6,-109.05,31.95,62,75,7.72,MX,1696275120
521,kisii,-0.6817,34.7667,16.35,82,65,1.89,KE,1696275120
522,caminauit,12.3314,121.0825,26.1,89,100,4.5,PH,1696275120
523,comala,19.3167,-103.75,26.76,83,75,0.0,MX,1696275121
524,kalawit,8.0667,122.5167,25.09,93,100,2.58,PH,1696275121
525,alto lucero,19.6167,-96.7167,23.36,88,98,1.16,MX,1696275121
526,conception bay south,47.4999,-52.9981,15.74,83,7,1.58,CA,1696275122
527,turkmenbasy,40.0222,52.9552,23.43,17,0,4.12,TM,1696275122
528,hancheng,32.5186,112.3522,15.84,94,100,2.48,CN,1696275122
529,hammerfest,70.6634,23.6821,1.25,86,75,0.0,NO,1696275123
530,nittendorf,49.0253,11.9611,18.02,73,85,1.52,DE,1696275123
531,saint-paul,-21.0096,55.2707,24.06,90,6,1.56,RE,1696275123
532,tevriz,57.509,72.4042,10.16,69,100,4.08,RU,1696275124
533,conceicao do araguaia,-8.2578,-49.2647,40.43,15,5,2.63,BR,1696275125
534,kutum,14.2,24.6667,29.31,33,100,3.31,SD,1696275125
535,lubango,-14.9172,13.4925,23.92,29,4,3.09,AO,1696274972
536,pasni,25.2631,63.471,27.89,63,3,4.1,PK,1696275126
537,buckeye,33.3703,-112.5838,29.87,30,0,2.06,US,1696275126
538,ta`u,-14.2336,-169.5144,26.7,81,98,11.05,AS,1696275127
539,ebon,4.582,168.6964,28.72,73,5,1.61,MH,1696275127
540,koulamoutou,-1.1303,12.4736,23.36,97,39,0.74,GA,1696275128
541,timbuktu,16.7735,-3.0074,36.02,23,97,1.67,ML,1696275128
542,pokhara,28.2333,83.9833,21.62,83,100,1.82,NP,1696275129
543,juva,56.4368,57.9478,13.23,79,100,5.81,RU,1696275129
544,ban phan don,17.1427,102.9726,24.17,93,88,1.42,TH,1696275130
545,dauphin,51.1494,-100.0502,11.08,93,100,1.54,CA,1696275007
546,beloyarskiy,63.7119,66.6722,9.44,88,37,4.02,RU,1696275131
547,amble,55.3333,-1.5833,13.08,82,75,2.57,GB,1696275131
548,arraial do cabo,-22.9661,-42.0278,21.98,88,75,3.09,BR,1696275131
549,bogra,24.85,89.3667,25.65,92,24,3.43,BD,1696275132
550,jaguarao,-32.5661,-53.3758,16.6,65,0,4.32,BR,1696275132
551,lompoc,34.6391,-120.4579,25.01,73,40,5.66,US,1696275069
552,nuku'alofa,-21.1333,-175.2,21.19,64,75,6.69,TO,1696275133
553,mandalgovi,45.7625,106.2708,2.11,64,28,5.71,MN,1696275133
554,realico,-35.0366,-64.2447,28.36,23,40,6.96,AR,1696275133
555,oranjemund,-28.55,16.4333,16.3,78,0,1.42,NA,1696275134
556,kharp,66.8014,65.8081,5.39,88,100,6.0,RU,1696275134
557,belmonte,-15.8631,-38.8828,25.73,83,100,5.03,BR,1696275134
558,independence,39.0911,-94.4155,31.27,43,40,4.63,US,1696275135
559,oltinko'l,40.8011,72.1634,18.54,29,80,2.17,UZ,1696275135
560,moyale,3.5167,39.0584,24.91,43,7,4.07,KE,1696275136
561,bomdila,27.25,92.4,14.09,94,96,1.82,IN,1696275136
562,mokhsogollokh,61.4681,128.9203,3.86,83,100,0.71,RU,1696275136
563,lamarque,-39.423,-65.7021,19.3,43,86,5.74,AR,1696275137
564,hohhot,40.8106,111.6522,7.73,87,0,2.0,CN,1696274921
565,vila velha,-20.3297,-40.2925,24.97,86,75,4.63,BR,1696274951
566,dogondoutchi,13.6393,4.0287,31.9,47,98,4.96,NE,1696275138
567,mugia,43.1041,-9.2179,20.51,93,100,3.83,ES,1696275138
568,bardai,11.65,7.2333,22.2,88,96,3.0,NG,1696275138
569,toliara,-23.35,43.6667,20.42,60,0,8.48,MG,1696275139
570,novobureyskiy,49.798,129.8774,6.74,85,11,1.17,RU,1696275139
571,conceicao da barra,-18.5933,-39.7322,25.43,79,99,4.69,BR,1696275139
572,rawson,-43.3002,-65.1023,12.0,56,64,7.79,AR,1696275046
573,ouadda,8.0777,22.4007,21.42,88,100,1.1,CF,1696275140
574,boali,4.8005,18.1275,23.89,92,100,0.83,CF,1696275140
575,pontianak,-0.0333,109.3333,24.99,83,40,1.54,ID,1696275141
576,tweed heads,-28.1817,153.547,18.02,81,5,3.6,AU,1696275141
577,aswan,24.0934,32.907,32.61,22,0,5.66,EG,1696275141
578,nogliki,51.8333,143.1667,10.75,96,100,11.18,RU,1696275142
579,paro,27.4305,89.4133,16.33,96,92,0.66,BT,1696275142
580,klaksvik,62.2266,-6.589,10.51,89,97,11.21,FO,1696275142
581,tanjungtiram,4.0613,98.3699,24.95,91,100,1.61,ID,1696275143
582,buenaventura,3.8801,-77.0312,28.07,84,99,2.52,CO,1696275001
583,kuusamo,65.9667,29.1833,6.02,87,0,3.6,FI,1696275143
584,peringat,6.0333,102.2833,23.97,94,20,1.54,MY,1696275144
585,alesund,62.4723,6.1549,13.2,78,40,4.63,NO,1696275093
586,garachico,28.7781,-17.7646,26.38,83,40,3.6,ES,1696275144
